backbone,mode,method,label,n_seeds,feasible_seeds,forget_acc_mean,forget_acc_sd,retain_acc_mean,retain_acc_sd,test_acc_mean,test_acc_sd,mia_mean,mia_sd,forget_gap_mean,forget_gap_sd,retain_drop_mean,retain_drop_sd,test_drop_mean,test_drop_sd,relearn_1ep_mean,relearn_1ep_sd,relearn_last_mean,relearn_last_sd,ulira_auc_mean,ulira_auc_sd,time_s_mean,time_s_sd
fpecnn,class,amnesiac,Amnesiac,3,0,0.0,0.0,1.3804713804713804,0.26906549527282225,1.3666666666666667,0.266374840320094,48.41297935103245,2.2443861255360633,0.0,0.0,67.13131313131312,0.4372699155942151,66.46,0.4328972164382703,0.0,0.0,0.0,0.0,,,0.0008624553447589278,0.0009008984101281936
fpecnn,class,badteacher,Bad Teacher,3,2,0.3333333333333333,0.4714045207910317,67.23905723905723,0.25290655835978426,66.57000000000001,0.2539028685672267,70.51032448377582,1.3582573367512336,0.3333333333333333,0.4714045207910317,1.272727272727271,0.423841400970801,1.2566666666666653,0.424290257043717,0.3333333333333333,0.4714045207910317,10.666666666666666,2.0548046676563256,99.9753086419753,,10.245284033046724,3.401323700477937
fpecnn,class,baseline,Original model,3,0,70.0,2.943920288775949,68.58249158249158,0.4258693618367561,68.59666666666666,0.3946587837050647,66.67846607669617,1.108359729871023,70.0,2.943920288775949,-0.07070707070707745,0.3640102828751445,-0.7700000000000008,0.3510935297989278,36.0,2.8284271247461903,43.333333333333336,2.6246692913372702,100.0,,0.0,0.0
fpecnn,class,finetune,Fine-tune,3,3,35.0,2.943920288775949,68.31986531986533,0.3756284247594743,67.98666666666666,0.37142368739158155,64.69174041297936,2.8241098206661706,35.0,2.943920288775949,0.19191919191918316,0.3836611322085951,-0.1599999999999966,0.3569313659515024,11.0,1.4142135623730951,16.333333333333336,1.699673171197594,99.7674074074074,,66.81520818837453,8.567354199098416
fpecnn,class,mmu,MMU (ours),3,3,0.0,0.0,68.73737373737373,0.20218848210104265,68.05,0.2001665972800245,63.98377581120944,0.35918618355390686,0.0,0.0,-0.22558922558922725,0.24078194180176613,-0.2233333333333339,0.23837412238374986,0.0,0.0,0.0,0.0,49.994814814814816,,5.145731971948408,0.5380292431996323
fpecnn,class,retrain,Retrain (oracle),3,0,0.0,0.0,68.51178451178451,0.3168920825818866,67.82666666666667,0.31372316175606474,51.12241887905604,3.634476272305137,0.0,0.0,0.0,0.0,0.0,0.0,0.0,0.0,0.0,0.0,50.0,,477.72891670201597,66.08679047915346
fpecnn,class,salun,SalUn,3,0,23.666666666666668,1.247219128924647,63.303030303030305,0.8401466194718492,62.906666666666666,0.8419949854693655,64.50442477876106,0.2504075566926784,23.666666666666668,1.247219128924647,5.208754208754203,0.5633269327505532,4.919999999999999,0.5692685365156491,18.666666666666668,2.0548046676563256,39.333333333333336,0.9428090415820634,99.25358024691357,,6.687994003295898,1.9225586025265062
fpecnn,class,scrub,SCRUB,3,3,64.33333333333334,7.363574011458171,68.50841750841751,0.23112461012431676,68.46666666666667,0.1878533707147416,66.06342182890856,1.0476005706187732,64.33333333333334,7.363574011458171,0.003367003366993989,0.39830383271785297,-0.6399999999999958,0.4144876355212585,27.333333333333332,6.236095644623235,32.666666666666664,10.656244908763854,100.0,,4.899118377322641,0.9656813293365231
fpecnn,class,ssd,SSD,3,3,8.0,2.1602468994692865,67.93602693602693,0.6955449906017435,67.33666666666667,0.6911021792920559,58.56047197640118,0.30504955211316015,8.0,2.1602468994692865,0.5757575757575731,1.002089440423103,0.4899999999999996,0.9965273035229272,6.0,1.632993161855452,28.0,6.683312551921141,92.93654320987655,,5.1423294120080145,0.6847720707969286
fpecnn,class,uniclun,UniCLUN,3,0,26.666666666666668,3.0912061651652345,63.074074074074076,0.7323212972612702,62.71,0.7355723395198213,65.10766961651917,1.8897909557239652,26.666666666666668,3.0912061651652345,5.4377104377104315,0.7125489239381629,5.11666666666667,0.7272933077896131,17.666666666666668,2.494438257849294,41.666666666666664,0.4714045207910317,99.65432098765432,,4.743467788638857,0.9769398002002756
fpecnn,class,unsir,UNSIR,3,3,37.333333333333336,14.429907214608908,67.5959595959596,0.4620775126069625,67.29333333333334,0.5773695138778578,65.3244837758112,3.7698255237839695,37.333333333333336,14.429907214608908,0.9158249158249134,0.14528921892518767,0.5333333333333314,0.2704728370013424,18.666666666666668,7.03957069398096,35.0,2.8284271247461903,89.86740740740741,,4.004954248666763,0.9329384230159325
fpecnn,instance,badteacher,Bad Teacher,3,3,96.72222222222223,0.9844469525927392,66.45333333333333,0.6565735974655756,66.45333333333333,0.6565735974655756,66.375,1.103970108290981,27.22222222222223,1.1732617823301628,1.716666666666664,0.8739692341394013,1.716666666666664,0.8739692341394013,98.69444444444444,0.8452846697057176,99.61111111111111,0.03928371006592377,79.48101728395064,,5.560832763362366,5.9454719349111835
fpecnn,instance,baseline,Original model,3,0,99.13888888888889,0.2389534796400715,68.59666666666666,0.3946587837050647,68.59666666666666,0.3946587837050647,68.16666666666667,0.3245367068207718,29.638888888888886,0.6678230711206271,-0.4266666666666718,0.42593687586569273,-0.4266666666666718,0.42593687586569273,99.33333333333333,0.0680413817439733,99.5,0.2453266907313264,81.7842839506173,,0.0,0.0
fpecnn,instance,finetune,Fine-tune,3,3,98.13888888888889,0.5786851848888815,68.42,0.3182242395963348,68.42,0.3182242395963348,67.13888888888889,0.5118201603524503,28.638888888888886,0.9773673380977358,-0.25,0.36805796644912425,-0.25,0.36805796644912425,98.63888888888889,0.44270492918081583,99.19444444444444,0.2832788618662674,81.19221234567901,,51.13888621466079,19.79468886554258
fpecnn,instance,mmu,MMU (ours),3,3,90.61111111111111,0.5499719409228683,65.87333333333333,0.4066393433443922,65.87333333333333,0.4066393433443922,62.34722222222222,0.3928371006591942,21.11111111111111,0.5665577237325348,2.296666666666662,0.6025685760881396,2.296666666666662,0.6025685760881396,93.52777777777777,0.03928371006591708,96.63888888888889,0.10393492741038768,69.72081481481482,,5.698741119704209,0.65393794173021
fpecnn,instance,retrain,Retrain (oracle),3,0,69.5,0.49065338146266085,68.17,0.21954498400099642,68.17,0.21954498400099642,49.70833333333333,0.646393126567784,0.0,0.0,0.0,0.0,0.0,0.0,70.94444444444444,1.1573703697777626,76.05555555555556,0.8748897637790909,50.0,,490.02485801735503,51.67569400588077
fpecnn,instance,salun,SalUn,3,0,74.80555555555556,2.2218749728690206,55.93,0.8067630796377967,55.93,0.8067630796377967,58.38888888888889,0.9380913772649063,5.305555555555553,1.766893765976578,12.239999999999995,0.719212532334263,12.239999999999995,0.719212532334263,89.13888888888889,1.3630937940428123,98.19444444444444,0.4530418452861108,55.360429629629635,,14.66631252966666,6.195465796829352
fpecnn,instance,scrub,SCRUB,3,3,90.86111111111111,1.5005143151188371,65.87666666666667,0.3419876540981507,65.87666666666667,0.3419876540981507,62.22222222222223,0.6891464572252934,21.36111111111111,1.95117881431511,2.2933333333333317,0.36745370078721695,2.2933333333333317,0.36745370078721695,92.91666666666666,1.060660171779828,96.69444444444444,0.4827263110273019,67.62266419753087,,8.420957715017721,2.896160335280501
fpecnn,instance,ssd,SSD,3,3,97.05555555555556,1.1228546073004304,66.96333333333332,0.7355874447602364,66.96333333333332,0.7355874447602364,67.56944444444444,0.6322114820411636,27.555555555555554,1.561002368691905,1.206666666666668,0.8877061575894486,1.206666666666668,0.8877061575894486,98.88888888888889,0.2832788618662674,99.44444444444444,0.14163943093313136,78.01872839506171,,6.573165928983751,1.03177378035911
fpecnn,instance,uniclun,UniCLUN,3,0,74.58333333333333,0.8498365855987975,56.55,0.7799145252312369,56.55,0.7799145252312369,57.72222222222222,0.2315740555629627,5.083333333333333,0.49065338146265924,11.619999999999997,0.562909110484696,11.619999999999997,0.562909110484696,88.47222222222223,1.2347839317162763,97.94444444444444,0.3747427100897843,90.739812345679,,14.94004056463018,0.9318154487524194
fpecnn,instance,unsir,UNSIR,3,3,96.02777777777777,0.8748897637790909,66.03333333333335,0.047842333648024794,66.03333333333335,0.047842333648024794,65.43055555555556,0.10393492741038642,26.527777777777775,0.6983225049986985,2.136666666666656,0.2425329301810801,2.136666666666656,0.2425329301810801,97.91666666666667,0.7667874301023413,99.41666666666666,0.36004114991155145,71.99978271604938,,10.563963600317948,1.7398032382907578
fpecnn,subclass,badteacher,Bad Teacher,3,2,17.0,3.7416573867739413,77.89225589225589,0.4151120540719906,77.28333333333333,0.3961761673240209,67.75368731563422,1.173633584206532,6.333333333333335,6.847546194724714,1.5824915824915802,0.5371188310467235,1.6299999999999955,0.5278257288158568,15.0,3.265986323710904,28.666666666666668,2.494438257849294,83.60691358024691,,13.364756924294246,0.8246489112013519
fpecnn,subclass,baseline,Original model,3,0,77.0,2.8284271247461903,79.37373737373737,0.6857289018189228,79.35,0.7003332540060231,67.53687315634218,0.502198852797094,53.666666666666664,5.734883511361751,0.10101010101009915,0.8050870469804284,-0.43666666666667214,0.8238257636714713,43.333333333333336,1.247219128924647,32.666666666666664,5.792715732327589,96.71432098765432,,0.0,0.0
fpecnn,subclass,finetune,Fine-tune,3,3,72.0,5.715476066494082,79.07744107744108,0.4143740279089618,79.00666666666666,0.46578488120113787,66.73598820058997,0.40932326012335385,48.666666666666664,5.312459150169742,0.3973063973063991,0.5256624490371614,-0.09333333333333844,0.5720334100576837,39.333333333333336,1.699673171197595,31.666666666666664,6.018490028422597,94.53728395061728,,36.03713429094447,20.4317178974214
fpecnn,subclass,mmu,MMU (ours),3,3,68.66666666666667,4.784233364802441,79.31313131313132,0.527255956491163,79.20666666666666,0.5144792404839005,66.32005899705014,1.0025767135139598,45.333333333333336,8.178562764256865,0.16161616161615674,0.6398546751986798,-0.2933333333333413,0.6320513340614743,34.333333333333336,3.681787005729087,26.666666666666668,6.182412330330469,96.14814814814814,,8.335658563650213,3.0338892716315975
fpecnn,subclass,retrain,Retrain (oracle),3,0,23.333333333333336,3.3993463423951917,79.47474747474747,0.12453361622159902,78.91333333333333,0.13888444437332753,49.95722713864307,1.5100291815844489,0.0,0.0,0.0,0.0,0.0,0.0,21.666666666666668,1.8856180831641267,41.333333333333336,3.39934634239519,50.0,,664.1255941930189,125.65964729528395
fpecnn,subclass,salun,SalUn,3,0,37.666666666666664,4.642796092394707,75.56902356902357,0.6877758583178041,75.19,0.6525846049874804,66.35693215339234,1.0774273187250973,14.333333333333332,7.03957069398096,3.905723905723908,0.812292615266158,3.723333333333329,0.7893175674101116,28.0,2.9439202887759484,37.0,6.976149845485451,75.42567901234568,,5.085178745367254,1.303978110693573
fpecnn,subclass,scrub,SCRUB,3,3,73.33333333333333,4.988876515698588,79.16161616161617,0.7302129119970812,79.10333333333334,0.7721974416487536,67.2094395280236,1.7462778040046778,50.0,7.118052168020874,0.3131313131313078,0.8543567860117385,-0.1900000000000072,0.905575323574274,39.333333333333336,2.0548046676563256,30.333333333333332,6.649979114420001,95.68444444444444,,9.785818605334498,4.339410038362018
fpecnn,subclass,ssd,SSD,3,3,51.0,25.152865973217974,78.32659932659932,0.5201339129246491,78.05333333333333,0.7014429572119364,66.42035398230088,1.5776099683402853,30.333333333333332,19.871811414385174,1.1481481481481477,0.47873057473875374,0.8599999999999994,0.5923399924592927,31.333333333333332,15.4344492037203,31.333333333333332,10.498677165349081,80.65086419753086,,6.820823328996387,0.9856773987999733
fpecnn,subclass,uniclun,UniCLUN,3,0,35.666666666666664,2.8674417556808756,75.13468013468012,0.1698919301217888,74.74,0.13952299690971043,67.96460176991151,1.3711531954677068,12.333333333333332,5.906681715556452,4.340067340067345,0.23936528736937687,4.173333333333328,0.20417857108151333,25.0,5.715476066494083,31.666666666666664,8.379870059984357,80.50469135802469,,6.1933657507179305,1.5250402452843337
fpecnn,subclass,unsir,UNSIR,3,3,64.33333333333333,0.4714045207910317,78.28282828282828,0.3453107779681221,78.14333333333333,0.34470599388786766,66.57522123893806,2.171994048942412,41.0,2.943920288775949,1.1919191919191927,0.44406166559086563,0.769999999999996,0.4356604182158384,40.666666666666664,3.2998316455372216,38.333333333333336,5.2493385826745405,95.6716049382716,,3.625156396689514,0.4355442878909581
resnet18,class,amnesiac,Amnesiac,3,0,0.0,0.0,1.2727272727272727,0.18680042433239324,1.26,0.18493242008906927,50.0,0.0,0.0,0.0,69.46464646464646,0.44475043032884426,68.77,0.4403029260255595,0.0,0.0,0.0,0.0,,,0.0010280116305996974,0.0009356703493434127
resnet18,class,badteacher,Bad Teacher,3,3,0.0,0.0,69.33333333333333,0.15004902326705288,68.64,0.14854853303437693,74.83185840707965,2.0226644126966433,0.0,0.0,1.404040404040406,0.3804564819346933,1.389999999999996,0.37665191711534257,0.0,0.0,0.0,0.0,100.0,,16.288077472980756,5.767651974163173
resnet18,class,baseline,Original model,3,0,72.33333333333333,2.6246692913372702,70.58249158249158,0.2292036690251516,70.60000000000001,0.21648710508172497,71.04424778761062,0.4801241779488714,72.33333333333333,2.6246692913372702,0.15488215488215928,0.47164494745061375,-0.5700000000000074,0.4656894530335267,31.666666666666664,3.0912061651652354,9.666666666666668,2.054804667656325,100.0,,0.0,0.0
resnet18,class,finetune,Fine-tune,3,3,36.333333333333336,3.681787005729087,70.38047138047138,0.1779103678602396,70.04,0.1471960144387955,70.99852507374632,0.7634449668909548,36.333333333333336,3.681787005729087,0.35690235690235755,0.23708103356611396,-0.010000000000005116,0.21118712081943047,6.666666666666667,0.4714045207910321,1.0,0.816496580927726,99.9683950617284,,87.01260540133808,1.3406681254115151
resnet18,class,mmu,MMU (ours),3,3,0.0,0.0,70.9090909090909,0.11634446157017836,70.19999999999999,0.11518101695447383,68.74188790560473,0.6613461431311476,0.0,0.0,-0.17171717171716713,0.37857457518338167,-0.16999999999999696,0.37478882943154385,0.0,0.0,0.0,0.0,65.74469135802468,,14.852205661319507,0.5411066771039063
resnet18,class,retrain,Retrain (oracle),3,0,0.0,0.0,70.73737373737374,0.2734122835105976,70.03,0.27067816067549055,48.862831858407084,3.109642675303466,0.0,0.0,0.0,0.0,0.0,0.0,0.0,0.0,0.0,0.0,50.0,,1086.3857628223293,299.1293362206269
resnet18,class,salun,SalUn,3,0,29.0,2.160246899469286,66.52861952861953,0.41173922130907353,66.15333333333334,0.3885299931222266,67.73893805309734,1.2524911871589246,29.0,2.160246899469286,4.208754208754215,0.6829624185054867,3.876666666666665,0.6563704915840025,15.0,2.943920288775949,9.333333333333334,0.9428090415820634,99.94913580246913,,6.866849837979923,0.9649344022236751
resnet18,class,scrub,SCRUB,3,3,31.666666666666668,8.055363982396381,70.64646464646465,0.2001597838074251,70.25666666666666,0.2383741223837462,67.29203539823008,1.9214343847138624,31.666666666666668,8.055363982396381,0.09090909090909349,0.47226948394185064,-0.22666666666666893,0.5071708018234292,4.333333333333333,3.681787005729087,0.0,0.0,99.93333333333332,,7.345632305950858,0.06224631007116439
resnet18,class,ssd,SSD,3,3,35.0,14.719601443879744,70.4983164983165,0.09665117908692075,70.14333333333333,0.11897712198383412,59.00589970501475,11.585414001943816,35.0,14.719601443879744,0.2390572390572411,0.3670188116479648,-0.11333333333333447,0.2708423075436268,23.333333333333332,7.84573486395988,24.000000000000004,22.375581929117885,74.7762962962963,,9.895635506642671,0.9651682578378666
resnet18,class,uniclun,UniCLUN,3,0,30.666666666666664,1.2472191289246488,66.66329966329967,0.47020054344384066,66.30333333333334,0.46024148250915264,68.6873156342183,1.9819859017202583,30.666666666666664,1.2472191289246488,4.074074074074072,0.7420099319624589,3.7266666666666595,0.7298553890250381,14.333333333333334,2.494438257849294,9.0,1.4142135623730947,99.96938271604938,,7.3169803939914955,0.8648412087012636
resnet18,class,unsir,UNSIR,3,3,44.666666666666664,8.339997335464536,69.55218855218855,0.34465354330691084,69.30333333333333,0.28546258754676074,67.43362831858407,2.4619377837553205,44.666666666666664,8.339997335464536,1.1851851851851904,0.6179712529159864,0.7266666666666642,0.5542763049438681,16.666666666666668,2.8674417556808756,3.6666666666666665,1.247219128924647,99.97580246913581,,5.29549539302631,0.5047899577041708
resnet18,instance,badteacher,Bad Teacher,3,3,99.30555555555556,0.6285393610547134,68.46666666666667,1.1477611056119443,68.46666666666667,1.1477611056119443,69.29166666666667,1.0720566941890508,29.722222222222218,1.4114828906569414,0.810000000000007,0.5544967688514189,0.810000000000007,0.5544967688514189,100.0,0.0,100.0,0.0,84.14062962962963,,2.4424374940184257,0.1828527472807945
resnet18,instance,baseline,Original model,3,0,100.0,0.0,70.60000000000001,0.21648710508172497,70.60000000000001,0.21648710508172497,72.05555555555556,0.3731952456262275,30.416666666666668,2.0103896803024717,-1.323333333333333,0.4899206284922317,-1.323333333333333,0.4899206284922317,100.0,0.0,100.0,0.0,93.05076296296298,,0.0,0.0
resnet18,instance,finetune,Fine-tune,3,3,99.88888888888889,0.157134840263675,70.23333333333333,0.37187214051188644,70.23333333333333,0.37187214051188644,70.875,0.3923457469951576,30.305555555555557,2.1238649837350305,-0.9566666666666587,0.40892813821284624,-0.9566666666666587,0.40892813821284624,99.88888888888889,0.157134840263675,100.0,0.0,92.14813333333332,,35.75404405167016,33.997254108792134
resnet18,instance,mmu,MMU (ours),3,3,97.30555555555556,0.4530418452861117,68.38333333333333,0.7221418758726679,68.38333333333333,0.7221418758726679,66.84722222222223,0.9193982868575196,27.722222222222225,2.1433935248733795,0.8933333333333403,0.1329995822884042,0.8933333333333403,0.1329995822884042,98.44444444444444,0.41573970964154944,99.63888888888889,0.10393492741038768,89.58574567901235,,8.977766240714118,0.19937169698739945
resnet18,instance,retrain,Retrain (oracle),3,0,69.58333333333333,2.0103896803024717,69.27666666666667,0.5941006274660523,69.27666666666667,0.5941006274660523,50.041666666666664,0.5980291706003072,0.0,0.0,0.0,0.0,0.0,0.0,72.0,1.6258900696290945,80.86111111111111,0.8880204090636563,50.0,,685.0710773266619,161.967148192561
resnet18,instance,salun,SalUn,3,0,84.52777777777777,1.3164439567858608,58.67333333333334,0.5986837414046089,58.67333333333334,0.5986837414046089,61.94444444444444,0.5954430863951711,14.944444444444443,3.097440201596977,10.603333333333333,1.1034894149419339,10.603333333333333,1.1034894149419339,96.27777777777777,0.6466914848234878,99.80555555555556,0.03928371006591708,73.82265679012346,,22.579944311641157,1.2174017227599623
resnet18,instance,scrub,SCRUB,3,3,97.94444444444444,0.7973722274670698,68.39999999999999,0.6231104770958893,68.39999999999999,0.6231104770958893,67.15277777777777,0.6322114820411636,28.361111111111114,1.217795012043503,0.8766666666666746,0.1438363267359439,0.8766666666666746,0.1438363267359439,98.36111111111111,0.6466914848234937,99.55555555555556,0.27498597046143725,84.53307654320987,,8.260053105691137,0.2967484561882952
resnet18,instance,ssd,SSD,3,3,98.94444444444444,0.3747427100897843,68.96,0.8673330771201274,68.96,0.8673330771201274,70.33333333333333,0.18941919023590703,29.36111111111111,2.309735167331938,0.31666666666667237,1.0177207650213103,0.31666666666667237,1.0177207650213103,99.86111111111111,0.07856742013184084,100.0,0.0,88.66172839506173,,9.987884011352435,0.5352792057354258
resnet18,instance,uniclun,UniCLUN,3,0,85.30555555555556,1.1513545431145953,58.36666666666667,1.9256571749809346,58.36666666666667,1.9256571749809346,62.93055555555556,0.8363371787402546,15.722222222222223,1.1986360561328526,10.910000000000004,1.7420868711596083,10.910000000000004,1.7420868711596083,96.69444444444444,0.7494854201795591,99.91666666666667,0.11785113019775792,78.09713086419754,,21.68262824198852,0.5119359833347269
resnet18,instance,unsir,UNSIR,3,3,98.86111111111111,0.6608542918539045,68.03333333333333,0.8650369292052736,68.03333333333333,0.8650369292052736,69.43055555555556,0.16077551253874728,29.277777777777782,1.455088983745426,1.2433333333333347,0.2984776187403146,1.2433333333333347,0.2984776187403146,99.75,0.2041241452319315,100.0,0.0,82.18927407407408,,17.752329935358528,1.0087823641144127
resnet18,subclass,badteacher,Bad Teacher,3,3,17.0,2.4494897427831774,79.22222222222223,0.3377424948949565,78.6,0.35014282800023383,68.90855457227138,1.165503486917217,6.999999999999999,2.160246899469286,0.8215488215488213,0.13204492627021722,0.8833333333333352,0.1291854825005139,18.333333333333332,1.247219128924647,18.666666666666668,1.699673171197595,87.56395061728395,,21.85870976129081,7.792869939046262
resnet18,subclass,baseline,Original model,3,0,80.0,0.0,80.6902356902357,0.2975181418771008,80.68333333333334,0.2945429604583267,62.8716814159292,1.019166570587648,56.0,1.632993161855452,-0.6464646464646459,0.13092405451329164,-1.2000000000000028,0.11430952132988957,44.666666666666664,2.494438257849294,16.0,1.6329931618554514,98.96123456790123,,0.0,0.0
resnet18,subclass,finetune,Fine-tune,3,3,75.33333333333333,4.0276819911981905,80.26262626262626,0.10784927527304262,80.21333333333334,0.09285592184789504,64.03392330383481,2.781761746548949,51.333333333333336,4.189935029992178,-0.2188552188552156,0.4210504686481437,-0.7299999999999992,0.4320493798938591,41.333333333333336,3.2998316455372216,15.333333333333334,0.4714045207910317,99.08864197530865,,45.447699443320744,30.493907038181238
resnet18,subclass,mmu,MMU (ours),3,3,63.333333333333336,2.0548046676563256,80.56902356902357,0.36812912319451857,80.39666666666666,0.3800292386412157,66.28613569321534,0.9410422495746696,39.333333333333336,1.699673171197595,-0.5252525252525212,0.22989508437860698,-0.9133333333333317,0.22837590843948022,28.333333333333332,3.0912061651652345,7.333333333333333,0.9428090415820634,95.95876543209876,,6.837461449749147,0.5882190013032526
resnet18,subclass,retrain,Retrain (oracle),3,0,24.0,1.632993161855452,80.04377104377105,0.4014507356441449,79.48333333333333,0.3872409528388747,49.32448377581121,1.9755677809650398,0.0,0.0,0.0,0.0,0.0,0.0,20.666666666666668,1.247219128924647,17.0,3.265986323710904,50.0,,804.4148336453363,100.05177046077328
resnet18,subclass,salun,SalUn,3,0,42.0,2.943920288775949,76.85858585858585,0.3954473426678243,76.51,0.4152910625894425,65.63716814159292,1.9458062077464906,18.0,4.546060565661952,3.1851851851851856,0.18631428056911603,2.973333333333334,0.21853044537444774,26.666666666666668,1.8856180831641285,16.0,1.4142135623730951,86.00962962962961,,6.31244217728575,1.0377458553820016
resnet18,subclass,scrub,SCRUB,3,3,79.66666666666667,0.4714045207910317,80.63636363636364,0.3277255046436079,80.62666666666667,0.3201388587611521,64.46312684365782,1.5732327001907385,55.666666666666664,1.247219128924647,-0.5925925925925905,0.07663169479286719,-1.1433333333333309,0.06798692684790328,44.333333333333336,2.8674417556808756,13.666666666666668,2.0548046676563256,98.80716049382715,,14.88553147095566,0.46746300547551606
resnet18,subclass,ssd,SSD,3,3,57.666666666666664,25.48637980482037,78.73737373737373,2.5111660985769237,78.52666666666667,2.7362058077239326,63.99557522123894,2.181306728076215,33.666666666666664,24.225789747475496,1.306397306397315,2.8831891847517475,0.9566666666666682,3.0926831213185864,34.0,11.430952132988164,15.0,1.4142135623730951,80.39283950617283,,12.858653054650253,3.673686200475108
resnet18,subclass,uniclun,UniCLUN,3,0,44.666666666666664,3.39934634239519,77.01346801346801,0.4894098938883901,76.69,0.5070174224488393,64.91887905604719,2.748502021743476,20.666666666666668,4.109609335312651,3.030303030303036,0.5510376443226588,2.7933333333333366,0.5277204647243608,25.333333333333332,0.9428090415820634,16.333333333333332,1.247219128924647,85.04320987654322,,7.72018842631951,2.822428789798159
resnet18,subclass,unsir,UNSIR,3,3,77.33333333333333,4.988876515698588,79.64309764309763,0.7010000743193399,79.62,0.7405853540724868,64.25811209439529,3.7389744169800188,53.333333333333336,6.599663291074443,0.40067340067340734,0.6176409537994659,-0.13666666666667027,0.6527037783115883,44.0,3.265986323710904,20.0,2.160246899469287,98.09654320987656,,7.1777900079808505,3.029822655901988
