method,forgotten_class,class_id,forget_mse,retain_mse,retain_accuracy
MMU,airplane,0,0.07643488794565201,0.011754384264349937,97.91666666666667
MMU,automobile,1,0.04734370857477188,0.04042084515094757,95.83333333333333
MMU,bird,2,0.05975307896733284,0.010729330591857433,95.83333333333333
MMU,cat,3,0.04837697744369507,0.008054373785853386,98.61111111111111
MMU,deer,4,0.06556098163127899,0.005669414531439543,99.30555555555556
MMU,dog,5,0.04811137914657593,0.0483819954097271,95.83333333333333
MMU,frog,6,0.038936764001846313,0.005868714302778244,98.61111111111111
MMU,horse,7,0.0636121928691864,0.008782444521784782,99.30555555555556
MMU,ship,8,0.0934109091758728,0.014372346922755241,98.61111111111111
MMU,truck,9,0.055550362914800644,0.005678948014974594,99.30555555555556
Random mask,airplane,0,0.04631713405251503,0.008434178307652473,100.0
Random mask,automobile,1,0.04021131247282028,0.008886122144758701,99.30555555555556
Random mask,bird,2,0.026936249807476997,0.006765960715711117,97.91666666666667
Random mask,cat,3,0.02029234543442726,0.003999368287622929,100.0
Random mask,deer,4,0.035344913601875305,0.00456510204821825,98.61111111111111
Random mask,dog,5,0.022574327886104584,0.006432693917304277,99.30555555555556
Random mask,frog,6,0.026209525763988495,0.006661433260887861,96.52777777777777
Random mask,horse,7,0.04020706191658974,0.002988424152135849,97.91666666666667
Random mask,ship,8,0.039894357323646545,0.004432430490851402,98.61111111111111
Random mask,truck,9,0.04023667052388191,0.005351541563868523,99.30555555555556
SalUn,airplane,0,0.05205255001783371,0.008592475205659866,97.22222222222223
SalUn,automobile,1,0.04647516831755638,0.032690562307834625,96.52777777777777
SalUn,bird,2,0.030996713787317276,0.013498409651219845,97.91666666666667
SalUn,cat,3,0.034942615777254105,0.038084372878074646,92.36111111111111
SalUn,deer,4,0.01724308729171753,0.022336512804031372,97.22222222222223
SalUn,dog,5,0.018065109848976135,0.026355797424912453,95.83333333333333
SalUn,frog,6,0.026540067046880722,0.023180179297924042,93.05555555555556
SalUn,horse,7,0.06004719436168671,0.03548703342676163,92.36111111111111
SalUn,ship,8,0.08125408738851547,0.04997352883219719,86.80555555555556
SalUn,truck,9,0.04862617328763008,0.05335470661520958,90.97222222222223
