cell,backbone,mode,seed,method,label,feasible,forget_acc,retain_acc,test_acc,mia,mia_auc,forget_gap,retain_drop,test_drop,relearn_1ep,relearn_last,ulira_auc,ulira_tpr1,time_s
cnn_adam_class,fpecnn,class,42,baseline,Original model,,71.8,80.15789473684211,79.74,67.43783303730018,67.44085257548845,71.8,0.6631578947368411,-2.9599999999999937,35.199999999999996,82.6,100.0,100.0,0.0
cnn_adam_class,fpecnn,class,42,retrain,Retrain (oracle),,0.0,80.82105263157895,76.78,50.101243339254,52.09928952042628,0.0,0.0,0.0,0.0,0.0,50.0,,503.92353877902497
cnn_adam_class,fpecnn,class,42,amnesiac,Amnesiac,,0.0,5.263157894736842,5.0,52.544582593250446,52.02486678507993,0.0,75.55789473684212,71.78,0.0,99.8,,,0.0002864779671654105
cnn_adam_class,fpecnn,class,42,finetune,Fine-tune,True,24.8,80.93684210526317,78.13,64.55328596802842,67.18561278863233,24.8,-0.11578947368421666,-1.3499999999999943,7.000000000000001,79.0,99.54255802469136,91.60000000000001,71.89588528301101
cnn_adam_class,fpecnn,class,42,ssd,SSD,True,28.000000000000004,81.1157894736842,78.46,66.33996447602131,68.52806394316164,28.000000000000004,-0.29473684210525164,-1.6799999999999926,10.8,81.0,96.4620049382716,34.71111111111111,8.128355798893608
cnn_adam_class,fpecnn,class,42,badteacher,Bad Teacher,True,0.2,80.14736842105263,76.14999999999999,63.34067495559502,65.05683836589698,0.2,0.6736842105263179,0.6300000000000097,7.8,90.0,100.0,100.0,12.49761150800623
cnn_adam_class,fpecnn,class,42,unsir,UNSIR,True,31.6,80.65263157894736,78.2,63.2721136767318,65.297513321492,31.6,0.16842105263158658,-1.4200000000000017,20.0,85.0,99.78409876543209,96.17777777777778,4.455102214007638
cnn_adam_class,fpecnn,class,42,scrub,SCRUB,True,55.2,80.83157894736843,79.55,67.14760213143872,67.83428063943163,55.2,-0.010526315789476826,-2.769999999999996,17.8,81.39999999999999,100.0,100.0,4.442746770102531
cnn_adam_class,fpecnn,class,42,mmu,MMU (ours),True,0.0,81.14736842105263,77.09,64.22877442273534,67.42930728241562,0.0,-0.3263157894736821,-0.3100000000000023,0.0,47.199999999999996,50.84074074074074,0.9111111111111112,9.404369581025094
cnn_adam_class,fpecnn,class,42,salun,SalUn,False,36.0,78.65263157894736,76.53,66.15115452930729,67.60035523978686,36.0,2.1684210526315866,0.25,33.4,83.6,99.85264197530866,98.97777777777777,4.317034117993899
cnn_adam_class,fpecnn,class,42,uniclun,UniCLUN,False,36.6,78.14736842105263,76.07000000000001,66.48330373001777,67.77797513321492,36.6,2.673684210526318,0.7099999999999937,34.4,84.2,99.89479506172839,99.42222222222222,6.49340081308037
cnn_adam_class,fpecnn,class,43,baseline,Original model,,72.0,79.82105263157895,79.43,68.73712255772647,70.2714031971581,72.0,0.7999999999999972,-2.8400000000000034,34.2,81.6,,,0.0
cnn_adam_class,fpecnn,class,43,retrain,Retrain (oracle),,0.0,80.62105263157895,76.59,49.24298401420959,49.49325044404973,0.0,0.0,0.0,0.0,0.0,,,488.52131826698314
cnn_adam_class,fpecnn,class,43,amnesiac,Amnesiac,,0.0,5.263157894736842,5.0,50.813676731793954,51.969626998223795,0.0,75.35789473684211,71.59,0.0,99.0,,,0.00016992900054901838
cnn_adam_class,fpecnn,class,43,finetune,Fine-tune,True,30.4,80.52631578947368,78.02,68.6190053285968,70.32326820603907,30.4,0.09473684210526301,-1.4299999999999926,11.4,82.0,,,50.614990081987344
cnn_adam_class,fpecnn,class,43,ssd,SSD,True,72.0,79.80000000000001,79.41,69.01616341030196,70.28685612788632,72.0,0.8210526315789366,-2.819999999999993,34.4,82.19999999999999,,,6.212021555984393
cnn_adam_class,fpecnn,class,43,badteacher,Bad Teacher,True,0.0,79.32631578947368,75.36,66.13641207815274,72.01083481349912,0.0,1.2947368421052659,1.230000000000004,5.0,90.60000000000001,,,3.4806999389547855
cnn_adam_class,fpecnn,class,43,unsir,UNSIR,True,3.8,78.53684210526316,74.8,59.752042628774426,63.88436944937833,3.8,2.084210526315786,1.7900000000000063,3.5999999999999996,82.39999999999999,,,3.8388289710273966
cnn_adam_class,fpecnn,class,43,scrub,SCRUB,True,42.0,80.52631578947368,78.60000000000001,67.3930728241563,70.90106571936057,42.0,0.09473684210526301,-2.010000000000005,9.2,78.4,,,4.715332419029437
cnn_adam_class,fpecnn,class,43,mmu,MMU (ours),True,0.0,80.71578947368421,76.68,64.50710479573712,68.92166962699821,0.0,-0.09473684210526301,-0.09000000000000341,0.0,43.0,,,9.531868355115876
cnn_adam_class,fpecnn,class,43,salun,SalUn,False,33.2,77.94736842105263,75.71,67.66092362344583,70.1120781527531,33.2,2.673684210526318,0.8800000000000097,30.8,83.8,,,8.26362091198098
cnn_adam_class,fpecnn,class,43,uniclun,UniCLUN,False,34.4,78.22105263157894,76.03,68.65257548845472,70.37815275310835,34.4,2.4000000000000057,0.5600000000000023,33.0,83.39999999999999,,,4.588460929924622
cnn_adam_class,fpecnn,class,44,baseline,Original model,,74.8,79.21052631578948,78.99000000000001,68.11474245115453,68.41349911190053,74.8,1.6526315789473642,-2.170000000000016,36.199999999999996,77.2,,,0.0
cnn_adam_class,fpecnn,class,44,retrain,Retrain (oracle),,0.0,80.86315789473684,76.82,49.63943161634103,49.1165186500888,0.0,0.0,0.0,0.0,0.0,,,386.2238696280401
cnn_adam_class,fpecnn,class,44,amnesiac,Amnesiac,,0.0,5.263157894736842,5.0,50.40390763765541,50.1879218472469,0.0,75.60000000000001,71.82,0.0,100.0,,,0.0005508799804374576
cnn_adam_class,fpecnn,class,44,finetune,Fine-tune,True,30.0,80.18947368421053,77.68,66.05044404973357,68.1777975133215,30.0,0.6736842105263179,-0.8600000000000136,13.0,77.2,,,50.90358656295575
cnn_adam_class,fpecnn,class,44,ssd,SSD,True,12.4,80.21052631578948,76.82,65.4923623445826,67.58436944937833,12.4,0.6526315789473642,0.0,8.200000000000001,74.4,,,4.9614459740696475
cnn_adam_class,fpecnn,class,44,badteacher,Bad Teacher,True,0.2,79.22105263157894,75.27000000000001,64.39449378330373,67.30053285968027,0.2,1.6421052631579016,1.549999999999983,6.2,90.8,,,12.722836225060746
cnn_adam_class,fpecnn,class,44,unsir,UNSIR,True,0.0,78.84210526315789,74.9,60.1721136767318,65.14529307282415,0.0,2.0210526315789537,1.9199999999999875,0.0,77.8,,,4.270533754024655
cnn_adam_class,fpecnn,class,44,scrub,SCRUB,True,60.4,79.78947368421052,78.82000000000001,68.42522202486678,69.18206039076377,60.4,1.0736842105263236,-2.000000000000014,22.6,75.6,,,5.5150178669719025
cnn_adam_class,fpecnn,class,44,mmu,MMU (ours),True,0.0,80.13684210526316,76.13,66.03996447602131,70.27211367673178,0.0,0.7263157894736878,0.6899999999999977,0.0,44.4,,,11.50304824509658
cnn_adam_class,fpecnn,class,44,salun,SalUn,False,31.6,77.36842105263158,75.08,66.1385435168739,68.63516873889876,31.6,3.4947368421052687,1.7399999999999949,32.0,78.4,,,6.135355990962125
cnn_adam_class,fpecnn,class,44,uniclun,UniCLUN,False,34.4,77.69473684210526,75.53,67.25044404973357,69.34120781527533,34.4,3.1684210526315866,1.289999999999992,33.2,78.4,,,5.054672788013704
cnn_adam_instance,fpecnn,instance,42,baseline,Original model,,99.73684210526315,79.74,79.74,62.93859649122807,63.39362111418898,20.964912280701753,-0.6700000000000017,-0.6700000000000017,99.64912280701755,99.91228070175438,74.85812592592592,16.51111111111111,0.0
cnn_adam_instance,fpecnn,instance,42,retrain,Retrain (oracle),,78.7719298245614,79.07,79.07,50.6140350877193,49.780894121268076,0.0,0.0,0.0,79.21052631578948,83.15789473684211,50.0,,902.9554546459112
cnn_adam_instance,fpecnn,instance,42,finetune,Fine-tune,True,99.29824561403508,79.29,79.29,62.71929824561404,63.30620960295475,20.526315789473685,-0.22000000000001307,-0.22000000000001307,99.29824561403508,99.73684210526315,76.20280493827161,17.755555555555556,60.256690924055874
cnn_adam_instance,fpecnn,instance,42,ssd,SSD,True,99.64912280701755,79.74,79.74,62.98245614035088,63.36284241305017,20.87719298245615,-0.6700000000000017,-0.6700000000000017,99.56140350877193,99.91228070175438,74.88792098765431,16.311111111111114,6.679470530943945
cnn_adam_instance,fpecnn,instance,42,badteacher,Bad Teacher,True,98.24561403508771,77.73,77.73,61.973684210526315,61.06975223145583,19.473684210526315,1.3399999999999892,1.3399999999999892,99.29824561403508,99.91228070175438,78.36476296296297,3.844444444444445,14.759122828021646
cnn_adam_instance,fpecnn,instance,42,unsir,UNSIR,True,97.63157894736842,77.82,77.82,62.06140350877193,62.53931979070484,18.859649122807028,1.25,1.25,98.7719298245614,99.56140350877193,63.601955555555556,5.711111111111111,6.324025838985108
cnn_adam_instance,fpecnn,instance,42,scrub,SCRUB,True,99.47368421052632,79.67,79.67,63.24561403508772,62.775700215450904,20.701754385964918,-0.6000000000000085,-0.6000000000000085,99.73684210526315,99.82456140350877,74.37539012345678,16.044444444444444,7.198115439037792
cnn_adam_instance,fpecnn,instance,42,mmu,MMU (ours),True,95.6140350877193,77.86999999999999,77.86999999999999,60.26315789473684,60.37346106494306,16.842105263157904,1.2000000000000028,1.2000000000000028,97.98245614035088,99.03508771929825,67.95456296296297,10.933333333333334,9.13489860703703
cnn_adam_instance,fpecnn,instance,42,salun,SalUn,False,90.0,72.53,72.53,56.84210526315789,56.67797783933518,11.228070175438603,6.539999999999992,6.539999999999992,94.21052631578948,98.50877192982456,87.67884938271605,0.35555555555555557,15.708970396080986
cnn_adam_instance,fpecnn,instance,42,uniclun,UniCLUN,False,92.01754385964912,73.42,73.42,57.675438596491226,57.4986919052016,13.245614035087726,5.6499999999999915,5.6499999999999915,95.87719298245614,99.12280701754386,90.96774814814815,1.1333333333333333,13.838813943904825
cnn_adam_instance,fpecnn,instance,43,baseline,Original model,,99.47368421052632,79.43,79.43,63.991228070175445,63.26173437980918,20.701754385964918,-0.4300000000000068,-0.4300000000000068,99.73684210526315,99.91228070175438,,,0.0
cnn_adam_instance,fpecnn,instance,43,retrain,Retrain (oracle),,78.7719298245614,79.0,79.0,50.78947368421053,49.76681286549707,0.0,0.0,0.0,80.35087719298247,84.56140350877193,,,605.7020735029364
cnn_adam_instance,fpecnn,instance,43,finetune,Fine-tune,True,99.3859649122807,78.92,78.92,63.1578947368421,62.9908433364112,20.6140350877193,0.0799999999999983,0.0799999999999983,99.56140350877193,99.91228070175438,,,85.61657435097732
cnn_adam_instance,fpecnn,instance,43,ssd,SSD,True,98.50877192982456,78.68,78.68,63.68421052631579,62.48845798707294,19.736842105263165,0.3199999999999932,0.3199999999999932,99.73684210526315,99.91228070175438,,,7.542085496941581
cnn_adam_instance,fpecnn,instance,43,badteacher,Bad Teacher,True,97.71929824561404,76.36,76.36,62.06140350877193,60.64946906740536,18.947368421052644,2.6400000000000006,2.6400000000000006,99.21052631578947,100.0,,,7.344161757035181
cnn_adam_instance,fpecnn,instance,43,unsir,UNSIR,True,97.28070175438597,76.96,76.96,62.543859649122815,61.82771622037551,18.508771929824576,2.0400000000000063,2.0400000000000063,98.50877192982456,99.47368421052632,,,5.81093375897035
cnn_adam_instance,fpecnn,instance,43,scrub,SCRUB,True,94.38596491228071,76.14999999999999,76.14999999999999,59.692982456140356,59.49834564481379,15.614035087719316,2.8500000000000085,2.8500000000000085,95.7017543859649,96.84210526315789,,,9.26029219396878
cnn_adam_instance,fpecnn,instance,43,mmu,MMU (ours),True,95.87719298245614,76.58,76.58,60.6140350877193,60.679208987380726,17.10526315789474,2.4200000000000017,2.4200000000000017,97.54385964912281,99.12280701754386,,,4.606394124217331
cnn_adam_instance,fpecnn,instance,43,salun,SalUn,False,87.71929824561403,71.93,71.93,57.93859649122807,55.8385272391505,8.94736842105263,7.069999999999993,7.069999999999993,95.87719298245614,99.03508771929825,,,17.21757640503347
cnn_adam_instance,fpecnn,instance,43,uniclun,UniCLUN,False,88.94736842105263,71.41,71.41,58.07017543859649,56.56286549707602,10.175438596491233,7.590000000000003,7.590000000000003,95.35087719298245,98.7719298245614,,,15.176952956942841
cnn_adam_instance,fpecnn,instance,44,baseline,Original model,,99.3859649122807,78.99000000000001,78.99000000000001,63.421052631578945,61.88631117266852,21.22807017543859,-0.5200000000000102,-0.5200000000000102,99.56140350877193,99.73684210526315,,,0.0
cnn_adam_instance,fpecnn,instance,44,retrain,Retrain (oracle),,78.15789473684211,78.47,78.47,48.728070175438596,49.24076638965836,0.0,0.0,0.0,80.7017543859649,85.43859649122807,,,397.6145756220212
cnn_adam_instance,fpecnn,instance,44,finetune,Fine-tune,True,99.3859649122807,78.81,78.81,62.36842105263158,61.0836026469683,21.22807017543859,-0.3400000000000034,-0.3400000000000034,98.85964912280701,99.56140350877193,,,50.48629460495431
cnn_adam_instance,fpecnn,instance,44,ssd,SSD,True,99.21052631578947,77.72,77.72,63.28947368421053,61.71221914435211,21.052631578947356,0.75,0.75,99.56140350877193,99.82456140350877,,,7.247740713995881
cnn_adam_instance,fpecnn,instance,44,badteacher,Bad Teacher,True,97.45614035087719,76.99000000000001,76.99000000000001,61.578947368421055,60.75427054478302,19.298245614035082,1.4799999999999898,1.4799999999999898,99.47368421052632,99.91228070175438,,,1.2624001330696046
cnn_adam_instance,fpecnn,instance,44,unsir,UNSIR,True,97.19298245614036,76.71,76.71,59.64912280701754,59.733648815020004,19.035087719298247,1.7600000000000051,1.7600000000000051,98.59649122807016,99.64912280701755,,,6.449492868967354
cnn_adam_instance,fpecnn,instance,44,scrub,SCRUB,True,95.0,76.22,76.22,59.780701754385966,58.614535241612806,16.84210526315789,2.25,2.25,95.52631578947368,97.89473684210527,,,5.594227832974866
cnn_adam_instance,fpecnn,instance,44,mmu,MMU (ours),True,94.73684210526315,76.67,76.67,59.3859649122807,58.01315789473684,16.57894736842104,1.7999999999999972,1.7999999999999972,96.40350877192982,98.42105263157895,,,11.744172956910916
cnn_adam_instance,fpecnn,instance,44,salun,SalUn,False,91.49122807017544,72.59,72.59,57.807017543859644,55.62288396429671,13.333333333333329,5.8799999999999955,5.8799999999999955,95.7017543859649,99.12280701754386,,,22.86314115289133
cnn_adam_instance,fpecnn,instance,44,uniclun,UniCLUN,False,90.78947368421053,72.91,72.91,58.28947368421053,54.839873807325326,12.631578947368425,5.560000000000002,5.560000000000002,96.2280701754386,98.85964912280701,,,14.941380670992658
cnn_adam_subclass,fpecnn,subclass,42,baseline,Original model,,98.0,79.33333333333333,79.52,47.163716814159294,47.94690265486726,9.0,-0.5151515151515014,-0.5999999999999943,71.0,52.0,81.57432098765432,9.333333333333334,0.0
cnn_adam_subclass,fpecnn,subclass,42,retrain,Retrain (oracle),,89.0,78.81818181818183,78.92,47.243362831858406,47.08407079646018,0.0,0.0,0.0,49.0,44.0,50.0,,396.14728555700276
cnn_adam_subclass,fpecnn,subclass,42,finetune,Fine-tune,True,97.0,79.20202020202021,79.38,46.76106194690266,46.327433628318595,8.0,-0.38383838383838054,-0.45999999999999375,68.0,52.0,78.33728395061728,9.11111111111111,73.07766076806001
cnn_adam_subclass,fpecnn,subclass,42,ssd,SSD,True,86.0,79.05050505050505,79.12,50.6858407079646,47.7787610619469,3.0,-0.23232323232322472,-0.20000000000000284,55.00000000000001,42.0,50.68641975308643,0.4444444444444444,6.875271642929874
cnn_adam_subclass,fpecnn,subclass,42,badteacher,Bad Teacher,True,56.00000000000001,77.19191919191918,76.98,52.17256637168142,56.29203539823009,32.99999999999999,1.626262626262644,1.9399999999999977,32.0,52.0,92.72345679012346,3.3333333333333335,3.1059834039770067
cnn_adam_subclass,fpecnn,subclass,42,unsir,UNSIR,True,97.0,77.01010101010101,77.21000000000001,51.995575221238944,48.44690265486726,8.0,1.8080808080808168,1.7099999999999937,66.0,55.00000000000001,61.416790123456785,5.333333333333334,3.0609035949455574
cnn_adam_subclass,fpecnn,subclass,42,scrub,SCRUB,True,97.0,79.35353535353535,79.53,46.508849557522126,47.76548672566372,8.0,-0.5353535353535221,-0.6099999999999994,67.0,49.0,80.73925925925927,8.444444444444445,8.646463425946422
cnn_adam_subclass,fpecnn,subclass,42,mmu,MMU (ours),True,92.0,79.34343434343434,79.47,47.008849557522126,48.81858407079646,3.0,-0.5252525252525118,-0.5499999999999972,48.0,32.0,62.76666666666667,2.4444444444444446,5.330536377849057
cnn_adam_subclass,fpecnn,subclass,42,salun,SalUn,False,62.0,73.15151515151516,73.04,53.05309734513274,47.305309734513266,27.0,5.666666666666671,5.8799999999999955,44.0,46.0,43.61135802469136,0.0,13.293005076004192
cnn_adam_subclass,fpecnn,subclass,42,uniclun,UniCLUN,False,74.0,73.21212121212122,73.22,47.77433628318584,51.336283185840706,15.0,5.606060606060609,5.700000000000003,34.0,37.0,75.70074074074074,0.0,20.741217814967968
cnn_adam_subclass,fpecnn,subclass,43,baseline,Original model,,94.0,79.22222222222223,79.36999999999999,51.592920353982294,46.26106194690266,9.0,-0.37373737373738436,-0.45999999999999375,67.0,39.0,,,0.0
cnn_adam_subclass,fpecnn,subclass,43,retrain,Retrain (oracle),,85.0,78.84848484848484,78.91,48.46460176991151,47.676991150442475,0.0,0.0,0.0,62.0,51.0,,,664.5213772320421
cnn_adam_subclass,fpecnn,subclass,43,finetune,Fine-tune,True,94.0,79.20202020202021,79.35,50.283185840707965,49.818584070796454,9.0,-0.3535353535353636,-0.4399999999999977,65.0,43.0,,,26.37571231194306
cnn_adam_subclass,fpecnn,subclass,43,ssd,SSD,True,94.0,79.25252525252525,79.4,51.1504424778761,45.94690265486726,9.0,-0.4040404040404013,-0.4900000000000091,68.0,39.0,,,6.692023213021457
cnn_adam_subclass,fpecnn,subclass,43,badteacher,Bad Teacher,False,26.0,78.1010101010101,77.58,56.47787610619469,56.31858407079646,59.0,0.7474747474747403,1.3299999999999983,28.000000000000004,47.0,,,12.073509101988748
cnn_adam_subclass,fpecnn,subclass,43,unsir,UNSIR,True,97.0,78.77777777777779,78.96,52.190265486725664,47.792035398230084,12.0,0.0707070707070585,-0.04999999999999716,74.0,56.99999999999999,,,4.490886003011838
cnn_adam_subclass,fpecnn,subclass,43,scrub,SCRUB,True,94.0,79.17171717171718,79.32000000000001,50.707964601769916,46.55309734513275,9.0,-0.3232323232323324,-0.4100000000000108,67.0,39.0,,,3.8419256509514526
cnn_adam_subclass,fpecnn,subclass,43,mmu,MMU (ours),True,93.0,79.05050505050505,79.19,50.823008849557525,46.05309734513274,8.0,-0.20202020202020776,-0.28000000000000114,47.0,22.0,,,5.328962973086163
cnn_adam_subclass,fpecnn,subclass,43,salun,SalUn,False,64.0,73.18181818181819,73.09,51.030973451327434,50.50442477876107,21.0,5.666666666666657,5.819999999999993,37.0,36.0,,,5.120728472946212
cnn_adam_subclass,fpecnn,subclass,43,uniclun,UniCLUN,False,77.0,72.35353535353536,72.39999999999999,49.318584070796454,52.31858407079646,8.0,6.494949494949481,6.510000000000005,46.0,60.0,,,15.349258220987394
cnn_adam_subclass,fpecnn,subclass,44,baseline,Original model,,97.0,79.20202020202021,79.38,53.575221238938056,50.92477876106194,12.0,-0.06060606060606233,-0.1799999999999926,69.0,53.0,,,0.0
cnn_adam_subclass,fpecnn,subclass,44,retrain,Retrain (oracle),,85.0,79.14141414141415,79.2,49.07079646017699,48.774336283185846,0.0,0.0,0.0,55.00000000000001,48.0,,,501.97716196696274
cnn_adam_subclass,fpecnn,subclass,44,finetune,Fine-tune,True,95.0,78.94949494949495,79.11,48.858407079646014,50.46902654867256,10.0,0.19191919191919737,0.09000000000000341,64.0,48.0,,,19.362879457999952
cnn_adam_subclass,fpecnn,subclass,44,ssd,SSD,True,91.0,79.11111111111111,79.23,52.03539823008849,51.19026548672567,6.0,0.030303030303031164,-0.030000000000001137,62.0,45.0,,,7.806470472016372
cnn_adam_subclass,fpecnn,subclass,44,badteacher,Bad Teacher,True,53.0,77.47474747474747,77.23,53.24778761061947,52.23893805309734,32.0,1.6666666666666714,1.9699999999999989,43.0,56.00000000000001,,,4.338874530047178
cnn_adam_subclass,fpecnn,subclass,44,unsir,UNSIR,True,93.0,78.0909090909091,78.24,48.91592920353982,48.10176991150442,8.0,1.050505050505052,0.960000000000008,68.0,51.0,,,4.242057175026275
cnn_adam_subclass,fpecnn,subclass,44,scrub,SCRUB,True,96.0,79.30303030303031,79.47,54.01769911504425,50.74778761061947,11.0,-0.1616161616161662,-0.269999999999996,67.0,47.0,,,7.996952983085066
cnn_adam_subclass,fpecnn,subclass,44,mmu,MMU (ours),True,86.0,78.93939393939394,79.01,52.092920353982294,49.96902654867256,1.0,0.20202020202020776,0.18999999999999773,45.0,25.0,,,5.2344345829915255
cnn_adam_subclass,fpecnn,subclass,44,salun,SalUn,False,68.0,73.64646464646465,73.59,53.938053097345126,53.76991150442478,17.0,5.494949494949495,5.609999999999999,45.0,44.0,,,6.324357065022923
cnn_adam_subclass,fpecnn,subclass,44,uniclun,UniCLUN,False,72.0,72.96969696969697,72.96000000000001,51.76106194690265,50.94690265486725,13.0,6.171717171717177,6.239999999999995,49.0,48.0,,,4.645218356046826
resnet18_adam_class,resnet18,class,42,baseline,Original model,,72.39999999999999,81.41052631578948,80.96,70.19378330373002,70.35239786856128,72.39999999999999,0.3789473684210378,-3.259999999999991,24.4,56.599999999999994,100.0,100.0,0.0
resnet18_adam_class,resnet18,class,42,retrain,Retrain (oracle),,0.0,81.78947368421052,77.7,51.25985790408526,49.41083481349911,0.0,0.0,0.0,0.0,0.0,50.0,,554.0326968979789
resnet18_adam_class,resnet18,class,42,amnesiac,Amnesiac,,0.0,5.263157894736842,5.0,50.18507992895205,50.55861456483125,0.0,76.52631578947368,72.7,0.0,0.0,,,0.0005639001028612256
resnet18_adam_class,resnet18,class,42,finetune,Fine-tune,True,35.8,81.5578947368421,79.25999999999999,68.52451154529308,71.02841918294848,35.8,0.2315789473684191,-1.559999999999988,7.6,45.4,99.93615802469135,99.5111111111111,80.19848355196882
resnet18_adam_class,resnet18,class,42,ssd,SSD,True,4.3999999999999995,79.96842105263158,76.19,59.56110124333925,61.943694493783305,4.3999999999999995,1.8210526315789366,1.5100000000000051,17.4,77.8,97.91700740740741,55.64444444444444,10.64770613098517
resnet18_adam_class,resnet18,class,42,badteacher,Bad Teacher,True,0.0,81.13684210526316,77.08,65.88117229129662,72.73126110124335,0.0,0.6526315789473642,0.6200000000000045,0.2,79.2,100.0,100.0,20.082425091066398
resnet18_adam_class,resnet18,class,42,unsir,UNSIR,True,63.0,81.05263157894737,80.15,68.09307282415631,69.41740674955594,63.0,0.7368421052631504,-2.450000000000003,21.4,57.99999999999999,99.99998024691358,100.0,5.7660343640018255
resnet18_adam_class,resnet18,class,42,scrub,SCRUB,True,0.0,82.0421052631579,77.94,68.60426287744228,71.58561278863233,0.0,-0.25263157894737276,-0.23999999999999488,0.0,3.2,51.681688888888885,1.0888888888888888,7.985913314973004
resnet18_adam_class,resnet18,class,42,mmu,MMU (ours),True,0.0,82.43157894736842,78.31,69.93641207815276,72.91989342806393,0.0,-0.6421052631579016,-0.6099999999999994,0.0,7.8,66.11222716049383,4.044444444444444,12.128481104038656
resnet18_adam_class,resnet18,class,42,salun,SalUn,False,39.4,80.47368421052632,78.42,69.62522202486679,70.94902309058615,39.4,1.3157894736842053,-0.7199999999999989,22.8,56.39999999999999,99.9388049382716,98.97777777777777,6.664424809045158
resnet18_adam_class,resnet18,class,42,uniclun,UniCLUN,True,39.6,80.67368421052632,78.62,70.84902309058614,71.43925399644759,39.6,1.1157894736842024,-0.9200000000000017,24.2,56.8,99.92985679012347,99.28888888888889,5.940546412020922
resnet18_adam_class,resnet18,class,43,baseline,Original model,,68.8,81.4421052631579,80.81,71.07282415630551,70.80159857904084,68.8,1.05263157894737,-2.440000000000012,25.4,55.60000000000001,,,0.0
resnet18_adam_class,resnet18,class,43,retrain,Retrain (oracle),,0.0,82.49473684210527,78.36999999999999,52.81314387211368,52.5461811722913,0.0,0.0,0.0,0.0,0.0,,,647.5579270799644
resnet18_adam_class,resnet18,class,43,amnesiac,Amnesiac,,0.0,5.263157894736842,5.0,49.72362344582593,50.00994671403197,0.0,77.23157894736843,73.36999999999999,0.0,0.0,,,0.0004257200052961707
resnet18_adam_class,resnet18,class,43,finetune,Fine-tune,True,42.4,81.87368421052632,79.9,70.21403197158081,69.95310834813499,42.4,0.621052631578948,-1.5300000000000153,11.0,47.599999999999994,,,81.83337145601399
resnet18_adam_class,resnet18,class,43,ssd,SSD,True,69.0,81.4421052631579,80.82000000000001,70.57353463587921,70.71385435168739,69.0,1.05263157894737,-2.450000000000017,25.6,55.2,,,10.123159819981083
resnet18_adam_class,resnet18,class,43,badteacher,Bad Teacher,True,0.0,81.56842105263158,77.49000000000001,69.69236234458259,75.33090586145647,0.0,0.9263157894736906,0.8799999999999812,0.2,72.2,,,19.053648174041882
resnet18_adam_class,resnet18,class,43,unsir,UNSIR,True,61.4,80.83157894736843,79.86,70.18188277087035,69.26287744227353,61.4,1.663157894736841,-1.490000000000009,23.599999999999998,57.199999999999996,,,8.655903378967196
resnet18_adam_class,resnet18,class,43,scrub,SCRUB,True,0.0,82.01052631578948,77.91,68.76305506216697,73.13339253996448,0.0,0.48421052631579187,0.45999999999999375,0.0,1.7999999999999998,,,8.423283712938428
resnet18_adam_class,resnet18,class,43,mmu,MMU (ours),True,0.0,82.46315789473684,78.34,64.81687388987567,71.4968028419183,0.0,0.03157894736843048,0.029999999999986926,0.0,0.0,,,6.983463906915858
resnet18_adam_class,resnet18,class,43,salun,SalUn,False,37.6,80.29473684210527,78.16,70.44831261101243,71.60923623445828,37.6,2.200000000000003,0.20999999999999375,25.2,55.60000000000001,,,7.381169873056933
resnet18_adam_class,resnet18,class,43,uniclun,UniCLUN,False,39.4,80.21052631578948,78.17,71.41545293072824,71.48330373001775,39.4,2.284210526315789,0.19999999999998863,24.8,55.800000000000004,,,8.26457042095717
resnet18_adam_class,resnet18,class,44,baseline,Original model,,72.6,81.42105263157895,80.97999999999999,70.83641207815276,71.83712255772645,72.6,1.0736842105263236,-2.6099999999999994,22.6,57.8,,,0.0
resnet18_adam_class,resnet18,class,44,retrain,Retrain (oracle),,0.0,82.49473684210527,78.36999999999999,50.36998223801066,51.20319715808171,0.0,0.0,0.0,0.0,0.0,,,950.6571540939622
resnet18_adam_class,resnet18,class,44,amnesiac,Amnesiac,,0.0,5.263157894736842,5.0,49.78792184724689,50.44582593250444,0.0,77.23157894736843,73.36999999999999,0.0,0.0,,,0.0023642469896003604
resnet18_adam_class,resnet18,class,44,finetune,Fine-tune,True,32.4,82.35789473684211,79.86,69.18188277087035,70.92095914742453,32.4,0.1368421052631561,-1.490000000000009,7.6,44.800000000000004,,,82.00657668302301
resnet18_adam_class,resnet18,class,44,ssd,SSD,True,36.6,81.58947368421052,79.34,66.14067495559503,68.69698046181172,36.6,0.9052631578947512,-0.9700000000000131,14.399999999999999,61.8,,,8.698314690031111
resnet18_adam_class,resnet18,class,44,badteacher,Bad Teacher,True,0.0,81.61052631578947,77.53,66.65257548845472,71.79040852575488,0.0,0.8842105263157976,0.8399999999999892,0.2,74.2,,,20.12790435599163
resnet18_adam_class,resnet18,class,44,unsir,UNSIR,True,30.8,80.96842105263158,78.46,64.05754884547069,68.23374777975133,30.8,1.526315789473685,-0.09000000000000341,9.0,58.4,,,6.381451027933508
resnet18_adam_class,resnet18,class,44,scrub,SCRUB,True,0.0,82.07368421052632,77.97,70.43996447602132,74.02948490230905,0.0,0.4210526315789451,0.3999999999999915,0.0,7.000000000000001,,,8.182805920951068
resnet18_adam_class,resnet18,class,44,mmu,MMU (ours),True,0.0,82.34736842105264,78.23,67.89733570159858,73.42451154529309,0.0,0.14736842105263293,0.13999999999998636,0.0,2.0,,,13.29911134392023
resnet18_adam_class,resnet18,class,44,salun,SalUn,False,37.4,80.84210526315789,78.67,71.91616341030196,73.52557726465365,37.4,1.6526315789473784,-0.30000000000001137,22.0,58.4,,,7.017465770011768
resnet18_adam_class,resnet18,class,44,uniclun,UniCLUN,False,39.0,80.67368421052632,78.59,68.78827708703375,72.89023090586146,39.0,1.8210526315789508,-0.22000000000001307,22.8,57.99999999999999,,,8.110494216089137
resnet18_adam_instance,resnet18,instance,42,baseline,Original model,,100.0,80.96,80.96,65.35087719298247,64.06917513080947,20.17543859649122,-1.039999999999992,-1.039999999999992,100.0,100.0,81.67064444444445,29.22222222222222,0.0
resnet18_adam_instance,resnet18,instance,42,retrain,Retrain (oracle),,79.82456140350878,79.92,79.92,49.60526315789473,49.76042628501077,0.0,0.0,0.0,82.10526315789474,87.10526315789474,50.0,,1056.0098491010722
resnet18_adam_instance,resnet18,instance,42,finetune,Fine-tune,True,99.91228070175438,80.63,80.63,64.07894736842105,63.52031394275161,20.087719298245602,-0.7099999999999937,-0.7099999999999937,99.91228070175438,100.0,81.9775111111111,28.48888888888889,85.48960591596551
resnet18_adam_instance,resnet18,instance,42,ssd,SSD,True,100.0,80.95,80.95,64.64912280701755,64.4073945829486,20.17543859649122,-1.0300000000000011,-1.0300000000000011,100.0,100.0,80.79552345679011,28.244444444444444,9.269055505981669
resnet18_adam_instance,resnet18,instance,42,badteacher,Bad Teacher,True,98.15789473684211,78.49000000000001,78.49000000000001,63.1578947368421,62.19806094182826,18.33333333333333,1.4299999999999926,1.4299999999999926,99.91228070175438,100.0,73.96439753086419,18.6,2.375221490045078
resnet18_adam_instance,resnet18,instance,42,unsir,UNSIR,True,98.0701754385965,77.77,77.77,62.192982456140356,62.221183441058784,18.245614035087712,2.1500000000000057,2.1500000000000057,99.56140350877193,100.0,70.35608641975308,14.266666666666666,7.549274667049758
resnet18_adam_instance,resnet18,instance,42,scrub,SCRUB,True,98.85964912280701,79.60000000000001,79.60000000000001,60.921052631578945,60.99072791628193,19.035087719298232,0.3199999999999932,0.3199999999999932,99.29824561403508,99.82456140350877,72.36567654320987,17.48888888888889,8.216473393025808
resnet18_adam_instance,resnet18,instance,42,mmu,MMU (ours),True,98.85964912280701,79.17,79.17,61.622807017543856,61.51885195444753,19.035087719298232,0.75,0.75,99.3859649122807,99.82456140350877,72.89270123456791,18.37777777777778,9.141306455130689
resnet18_adam_instance,resnet18,instance,42,salun,SalUn,False,95.0,74.18,74.18,59.780701754385966,60.280701754385966,15.175438596491219,5.739999999999995,5.739999999999995,98.59649122807016,99.73684210526315,82.97236543209875,0.33333333333333337,20.97108807193581
resnet18_adam_instance,resnet18,instance,42,uniclun,UniCLUN,False,96.05263157894737,75.11,75.11,60.877192982456144,59.769082794706065,16.22807017543859,4.810000000000002,4.810000000000002,98.42105263157895,99.64912280701755,85.32971851851853,0.4888888888888889,21.63542863994371
resnet18_adam_instance,resnet18,instance,43,baseline,Original model,,99.91228070175438,80.81,80.81,67.10526315789474,64.81844413665743,18.33333333333333,-1.1800000000000068,-1.1800000000000068,99.82456140350877,100.0,,,0.0
resnet18_adam_instance,resnet18,instance,43,retrain,Retrain (oracle),,81.57894736842105,79.63,79.63,49.91228070175438,50.023584179747616,0.0,0.0,0.0,82.28070175438596,88.33333333333333,,,857.9997887209756
resnet18_adam_instance,resnet18,instance,43,finetune,Fine-tune,True,99.64912280701755,80.36999999999999,80.36999999999999,65.0,64.01727454601415,18.070175438596493,-0.7399999999999949,-0.7399999999999949,99.82456140350877,100.0,,,37.56849801901262
resnet18_adam_instance,resnet18,instance,43,ssd,SSD,True,79.56140350877193,65.57,65.57,56.403508771929836,57.4211295783318,2.0175438596491233,14.060000000000002,14.060000000000002,98.85964912280701,99.47368421052632,,,9.811098525999114
resnet18_adam_instance,resnet18,instance,43,badteacher,Bad Teacher,True,99.82456140350877,80.34,80.34,66.22807017543859,64.63888888888889,18.245614035087712,-0.710000000000008,-0.710000000000008,99.82456140350877,100.0,,,2.0777807909762487
resnet18_adam_instance,resnet18,instance,43,unsir,UNSIR,True,99.12280701754386,77.84,77.84,64.03508771929825,62.45460141582024,17.54385964912281,1.789999999999992,1.789999999999992,99.47368421052632,99.82456140350877,,,7.739344386034645
resnet18_adam_instance,resnet18,instance,43,scrub,SCRUB,True,99.29824561403508,79.32000000000001,79.32000000000001,63.771929824561404,62.533664204370574,17.719298245614027,0.30999999999998806,0.30999999999998806,99.64912280701755,100.0,,,8.456645751022734
resnet18_adam_instance,resnet18,instance,43,mmu,MMU (ours),True,98.68421052631578,79.14999999999999,79.14999999999999,63.991228070175445,63.39465989535241,17.105263157894726,0.480000000000004,0.480000000000004,99.21052631578947,99.91228070175438,,,9.546482615172863
resnet18_adam_instance,resnet18,instance,43,salun,SalUn,False,94.56140350877193,73.36,73.36,60.35087719298245,59.29078177900892,12.982456140350877,6.269999999999996,6.269999999999996,98.50877192982456,100.0,,,25.801177065935917
resnet18_adam_instance,resnet18,instance,43,uniclun,UniCLUN,False,92.98245614035088,73.79,73.79,59.73684210526316,59.063788858110186,11.403508771929822,5.839999999999989,5.839999999999989,97.98245614035088,99.91228070175438,,,23.011893647024408
resnet18_adam_instance,resnet18,instance,44,baseline,Original model,,100.0,80.97999999999999,80.97999999999999,65.04385964912281,64.35595567867037,18.421052631578945,-0.36999999999999034,-0.36999999999999034,100.0,100.0,,,0.0
resnet18_adam_instance,resnet18,instance,44,retrain,Retrain (oracle),,81.57894736842105,80.61,80.61,50.26315789473684,49.15704832256078,0.0,0.0,0.0,82.71929824561404,88.0701754385965,,,706.4737530590501
resnet18_adam_instance,resnet18,instance,44,finetune,Fine-tune,True,99.91228070175438,81.21000000000001,81.21000000000001,63.245614035087726,63.47426131117266,18.33333333333333,-0.6000000000000085,-0.6000000000000085,99.91228070175438,100.0,,,75.46712515491527
resnet18_adam_instance,resnet18,instance,44,ssd,SSD,True,96.9298245614035,76.97,76.97,61.359649122807014,61.439596799015085,15.350877192982452,3.6400000000000006,3.6400000000000006,99.82456140350877,100.0,,,9.83148169296328
resnet18_adam_instance,resnet18,instance,44,badteacher,Bad Teacher,True,99.03508771929825,78.60000000000001,78.60000000000001,61.184210526315795,61.308056325023074,17.45614035087719,2.009999999999991,2.009999999999991,99.91228070175438,100.0,,,7.15136345801875
resnet18_adam_instance,resnet18,instance,44,unsir,UNSIR,True,98.94736842105263,79.24,79.24,63.245614035087726,62.23941982148353,17.368421052631575,1.3700000000000045,1.3700000000000045,99.73684210526315,100.0,,,8.900740480981767
resnet18_adam_instance,resnet18,instance,44,scrub,SCRUB,True,98.33333333333333,79.29,79.29,61.535087719298254,60.64277469990766,16.754385964912274,1.3199999999999932,1.3199999999999932,99.29824561403508,99.73684210526315,,,9.296730100992136
resnet18_adam_instance,resnet18,instance,44,mmu,MMU (ours),True,98.59649122807016,79.14,79.14,60.96491228070175,60.722914742997844,17.01754385964911,1.4699999999999989,1.4699999999999989,98.94736842105263,99.82456140350877,,,9.948304079007357
resnet18_adam_instance,resnet18,instance,44,salun,SalUn,False,94.47368421052632,74.46000000000001,74.46000000000001,59.3859649122807,58.4376731301939,12.89473684210526,6.1499999999999915,6.1499999999999915,98.15789473684211,99.56140350877193,,,22.729695343994536
resnet18_adam_instance,resnet18,instance,44,uniclun,UniCLUN,False,96.40350877192982,75.89,75.89,59.078947368421055,59.00915666358879,14.824561403508767,4.719999999999999,4.719999999999999,98.59649122807016,99.91228070175438,,,23.707787364022806
resnet18_adam_subclass,resnet18,subclass,42,baseline,Original model,,92.0,80.1919191919192,80.31,55.230088495575224,51.56194690265485,9.0,0.09090909090907928,0.0,71.0,42.0,83.17679012345678,17.888888888888886,0.0
resnet18_adam_subclass,resnet18,subclass,42,retrain,Retrain (oracle),,83.0,80.28282828282828,80.31,49.57079646017699,47.81858407079646,0.0,0.0,0.0,57.99999999999999,42.0,50.0,,1571.5227882029722
resnet18_adam_subclass,resnet18,subclass,42,finetune,Fine-tune,True,94.0,79.92929292929293,80.07,50.703539823008846,52.19911504424779,11.0,0.3535353535353494,0.2400000000000091,69.0,43.0,85.04074074074074,24.22222222222222,46.83938676700927
resnet18_adam_subclass,resnet18,subclass,42,ssd,SSD,True,92.0,80.18181818181817,80.30000000000001,50.743362831858406,52.057522123893804,9.0,0.10101010101010388,0.009999999999990905,69.0,40.0,67.6879012345679,7.333333333333333,15.07902428705711
resnet18_adam_subclass,resnet18,subclass,42,badteacher,Bad Teacher,False,35.0,78.5959595959596,78.16,51.60619469026548,55.79646017699115,48.0,1.686868686868678,2.1500000000000057,28.000000000000004,34.0,90.01728395061728,2.666666666666667,16.478140808059834
resnet18_adam_subclass,resnet18,subclass,42,unsir,UNSIR,False,95.0,79.74747474747474,79.9,52.1283185840708,53.56194690265488,12.0,0.5353535353535364,0.4099999999999966,71.0,48.0,75.38641975308641,11.555555555555555,7.297345648985356
resnet18_adam_subclass,resnet18,subclass,42,scrub,SCRUB,True,93.0,80.03030303030303,80.16,53.902654867256636,51.26991150442477,10.0,0.2525252525252455,0.15000000000000568,67.0,32.0,83.98666666666666,22.22222222222222,7.412290851934813
resnet18_adam_subclass,resnet18,subclass,42,mmu,MMU (ours),True,89.0,80.0909090909091,80.17999999999999,50.530973451327434,50.318584070796454,6.0,0.19191919191918316,0.13000000000000966,55.00000000000001,24.0,65.69481481481482,3.7777777777777777,6.107790851034224
resnet18_adam_subclass,resnet18,subclass,42,salun,SalUn,False,70.0,74.42424242424242,74.38,52.16814159292036,50.11504424778761,13.0,5.858585858585855,5.930000000000007,54.0,38.0,47.02493827160494,0.6666666666666667,6.328315895050764
resnet18_adam_subclass,resnet18,subclass,42,uniclun,UniCLUN,False,70.0,74.52525252525253,74.48,49.76106194690265,50.14601769911504,13.0,5.757575757575751,5.829999999999998,59.0,41.0,45.207407407407416,0.4444444444444444,5.543524060980417
resnet18_adam_subclass,resnet18,subclass,43,baseline,Original model,,95.0,80.56565656565657,80.71000000000001,53.230088495575224,44.01327433628318,6.0,0.05050505050505194,-0.010000000000005116,80.0,43.0,,,0.0
resnet18_adam_subclass,resnet18,subclass,43,retrain,Retrain (oracle),,89.0,80.61616161616162,80.7,47.070796460176986,47.862831858407084,0.0,0.0,0.0,62.0,42.0,,,660.512886552955
resnet18_adam_subclass,resnet18,subclass,43,finetune,Fine-tune,True,97.0,80.03030303030303,80.2,52.690265486725664,45.16814159292036,8.0,0.5858585858585883,0.5,81.0,44.0,,,8.67205455293879
resnet18_adam_subclass,resnet18,subclass,43,ssd,SSD,True,95.0,80.57575757575758,80.72,53.230088495575224,44.048672566371685,6.0,0.04040404040404155,-0.01999999999999602,80.0,43.0,,,9.870035961968824
resnet18_adam_subclass,resnet18,subclass,43,badteacher,Bad Teacher,False,27.0,79.41414141414141,78.89,56.68584070796461,53.94690265486726,62.0,1.2020202020202078,1.8100000000000023,34.0,48.0,,,21.363663505995646
resnet18_adam_subclass,resnet18,subclass,43,unsir,UNSIR,True,97.0,79.5959595959596,79.77,50.730088495575224,47.14601769911504,8.0,1.0202020202020208,0.9300000000000068,82.0,48.0,,,7.074686183943413
resnet18_adam_subclass,resnet18,subclass,43,scrub,SCRUB,True,95.0,80.6969696969697,80.84,52.34513274336283,44.836283185840706,6.0,-0.0808080808080831,-0.14000000000000057,75.0,42.0,,,7.777882996946573
resnet18_adam_subclass,resnet18,subclass,43,mmu,MMU (ours),True,91.0,80.32323232323232,80.43,51.902654867256636,46.71681415929203,2.0,0.29292929292930125,0.269999999999996,57.99999999999999,21.0,,,13.71726968884468
resnet18_adam_subclass,resnet18,subclass,43,salun,SalUn,False,74.0,74.51515151515152,74.51,46.469026548672566,46.08849557522124,15.0,6.101010101010104,6.189999999999998,56.99999999999999,41.0,,,8.107589171966538
resnet18_adam_subclass,resnet18,subclass,43,uniclun,UniCLUN,False,72.0,75.18181818181819,75.14999999999999,56.163716814159294,53.85840707964601,17.0,5.4343434343434325,5.550000000000011,56.00000000000001,41.0,,,8.391105064074509
resnet18_adam_subclass,resnet18,subclass,44,baseline,Original model,,97.0,80.86868686868686,81.03,54.230088495575224,51.87610619469027,9.0,-0.14141414141414543,-0.22999999999998977,76.0,42.0,,,0.0
resnet18_adam_subclass,resnet18,subclass,44,retrain,Retrain (oracle),,88.0,80.72727272727272,80.80000000000001,52.96902654867257,52.91592920353981,0.0,0.0,0.0,59.0,37.0,,,1201.9499571189517
resnet18_adam_subclass,resnet18,subclass,44,finetune,Fine-tune,True,96.0,80.45454545454545,80.61,52.46017699115044,54.376106194690266,8.0,0.27272727272726627,0.19000000000001194,74.0,39.0,,,65.7878948849393
resnet18_adam_subclass,resnet18,subclass,44,ssd,SSD,True,97.0,80.86868686868686,81.03,54.230088495575224,51.89380530973451,9.0,-0.14141414141414543,-0.22999999999998977,76.0,42.0,,,12.551598689053208
resnet18_adam_subclass,resnet18,subclass,44,badteacher,Bad Teacher,False,33.0,79.26262626262627,78.8,52.402654867256636,46.610619469026545,55.0,1.4646464646464494,2.000000000000014,36.0,42.0,,,26.36470759101212
resnet18_adam_subclass,resnet18,subclass,44,unsir,UNSIR,True,94.0,79.12121212121212,79.27,54.08849557522124,54.68584070796461,6.0,1.6060606060605949,1.5300000000000153,68.0,40.0,,,8.492194088059478
resnet18_adam_subclass,resnet18,subclass,44,scrub,SCRUB,True,97.0,80.77777777777779,80.94,54.615044247787615,53.17256637168142,9.0,-0.05050505050506615,-0.13999999999998636,75.0,40.0,,,19.447378520970233
resnet18_adam_subclass,resnet18,subclass,44,mmu,MMU (ours),True,92.0,80.62626262626263,80.74,54.73008849557522,52.20796460176991,4.0,0.10101010101008967,0.060000000000016485,60.0,27.0,,,5.705905862851068
resnet18_adam_subclass,resnet18,subclass,44,salun,SalUn,False,68.0,75.4040404040404,75.33,53.28318584070797,53.50442477876106,20.0,5.323232323232318,5.470000000000013,56.00000000000001,40.0,,,5.579541704035364
resnet18_adam_subclass,resnet18,subclass,44,uniclun,UniCLUN,False,68.0,74.97979797979798,74.91,52.30088495575222,55.50442477876106,20.0,5.74747474747474,5.890000000000015,53.0,36.0,,,5.145011670072563
